<?xml version="1.0" standalone="no"?>
<?xml-stylesheet type="text/xsl" href="file:///C:/Program Files/Analog Devices/VisualDSP 3.5 32-Bit/System/linker_log.xsl"?>
<DOCUMENT gen_time='Fri May 20 18:28:43 2005
'>
<MSG id='01403CD0' mid='li2050' type='Warning'>
<TEXT><![CDATA[Symbol '_set_terminate__FPFv_v' is defined in more than one library.
        Defined in:     libcpp.dlb[exceptio.doj]
        Redefined in:   libeh.dlb[exception.doj]
        Definition from libcpp.dlb[exceptio.doj] will be used.]]></TEXT>
</MSG>
<MSG id='014053E8' mid='li2050' type='Warning'>
<TEXT><![CDATA[Symbol '_set_unexpected__FPFv_v' is defined in more than one library.
        Defined in:     libcpp.dlb[exceptio.doj]
        Redefined in:   libeh.dlb[exception.doj]
        Definition from libcpp.dlb[exceptio.doj] will be used.]]></TEXT>
</MSG>
<MSG id='01405688' mid='li2050' type='Warning'>
<TEXT><![CDATA[Symbol '_terminate__Fv' is defined in more than one library.
        Defined in:     libcpp.dlb[exceptio.doj]
        Redefined in:   libeh.dlb[exception.doj]
        Definition from libcpp.dlb[exceptio.doj] will be used.]]></TEXT>
</MSG>
<MSG id='01405AD0' mid='li2050' type='Warning'>
<TEXT><![CDATA[Symbol '_uncaught_exception__Fv' is defined in more than one library.
        Defined in:     libcpp.dlb[uncaught.doj]
        Redefined in:   libeh.dlb[exception.doj]
        Definition from libcpp.dlb[uncaught.doj] will be used.]]></TEXT>
</MSG>
<MSG id='01405D48' mid='li2050' type='Warning'>
<TEXT><![CDATA[Symbol '_unexpected__Fv' is defined in more than one library.
        Defined in:     libcpp.dlb[exceptio.doj]
        Redefined in:   libeh.dlb[exception.doj]
        Definition from libcpp.dlb[exceptio.doj] will be used.]]></TEXT>
</MSG>
</DOCUMENT>
